Start,End,Text
0,1,"PKCustomerID	Customer	CustType	City	State/Province	Country"
1,2,"BC100	Saanich Goods	Grocery Store	Victoria	British Columbia	Canada"
2,3,"BC101	Blokes Block	Grocery Store	Vancouver	British Columbia	Canada"
3,4,"BC102	Queens Arms Store	Grocery Store	Victoria	British Columbia	Canada"
4,5,"BC103	McDougal's	Distributor	Vancouver	British Columbia	Canada"
5,6,"BC105	Black Bear Market	Grocery Store	Victoria	British Columbia	Canarda"
6,7,"BC109	Tea's What Cures You	Distributor	Victoria	British Columbia	Canada"
7,8,"BC110	The Best Teas	Distributor	Victoria	British Columbia	Canada"
8,9,"BC111	Mockinbird Lane Market	Grocery Store	Surry	British Columbia	Canada"
9,10,"WA001	Cash Purchase	SSTC Restaurant	Redmond	Washington	United States"
10,11,"WA003	Unique Foods	Grocery Store	Tacoma	Washington	United States"
11,12,"WA004	Moe's Market	Grocery Store	Tacoma	Washington	United States"
12,13,"WA005	The Well Shoppe	Barn	Seattle	Washington	United States"
13,14,"WA006	Bacchus' Best	Distributor	Everett	Washington	United States"
14,15,"WA007	Read n' Tea	Grocery Store	Everett	Washington	United States"
15,16,"WA012	Puget's Finest Foods	Grocery Store	Seattle	Washington	United States"
16,17,"WA014	Teas & Sodas Ha Ha	Distributor	Tacoma	Washington	United States"
17,18,"WA055	Rainier & Co.	Distributor	Seattle	Washington	United States"
